Group 1,Group 2,H,p-value,q-value
F (n=13),M (n=29),4.10850656961324,0.042668024205406184,0.042668024205406184
