Group 1,Group 2,H,p-value,q-value
24-59 m (n=19),6-23m (n=23),4.889308711617275,0.027023504400425464,0.027023504400425464
