Group 1,Group 2,H,p-value,q-value
F (n=13),M (n=29),2.620627968663257,0.10548268878172132,0.10548268878172132
