Group 1,Group 2,H,p-value,q-value
24-59 m (n=19),6-23m (n=23),5.11537438135278,0.023714748941267617,0.023714748941267617
