	coef	std err	t	P>|t|	Conf. Int. Low	Conf. Int. Upp.	pvalue-fdr_bh	reject-fdr_bh
Rouge-Jaune	-0.4568355337499883	0.906489816540267	-0.5039610213091625	0.6197951503137726	-2.347740156371699	1.4340690888717225	0.6197951503137726	False
Vert-Jaune	-3.675288431972221	2.534438330172128	-1.4501392234399373	0.16252201760409263	-8.962034148060743	1.6114572841163013	0.38560375733260166	False
Vert-Rouge	-3.2184528982222327	2.7586793958623055	-1.1666643478214733	0.25706917155506775	-8.972957280716402	2.536051484271937	0.38560375733260166	False
M-F	-3.4243919352222223	2.38599172358352	-1.43520696294752	0.16668302761507806	-8.401483456096257	1.552699585651812	0.16668302761507806	False
Marasmus-Kwashiorkor	-0.7957684304722248	2.3551798819032306	-0.3378801069874803	0.7389743094139347	-5.708587575858233	4.117050714913783	0.974371804169335	False
Non-malnourished-Kwashiorkor	0.0492988800486065	1.5154870762039065	0.032530056390908745	0.974371804169335	-3.111951765716518	3.2105495258137307	0.974371804169335	False
Non-malnourished-Marasmus	0.8450673105208313	2.7374280369779176	0.3087085026913708	0.7607359173257535	-4.865107514135777	6.55524213517744	0.974371804169335	False
6-23m-24-59 m	0.1662497325277954	2.22767487766335	0.07462926219385203	0.9412511064798672	-4.480598634670346	4.813098099725937	0.9412511064798672	False
