	coef	std err	t	P>|t|	Conf. Int. Low	Conf. Int. Upp.	pvalue-fdr_bh	reject-fdr_bh
Rouge-Jaune	-4.2499999999998295	13.032786180437382	-0.3261006465662125	0.7477357518161257	-31.435915588423544	22.935915588423885	0.7477357518161257	False
Vert-Jaune	-51.6166666666666	36.43812896950603	-1.4165564513442233	0.1720007323153711	-127.62527178381454	24.391938450481334	0.3695254543583771	False
Vert-Rouge	-47.366666666666774	39.66208781458995	-1.1942555038477487	0.2463503029055847	-130.10033209014915	35.366998756815605	0.3695254543583771	False
Marasmus-Kwashiorkor	-17.11666666666665	33.860894250817104	-0.5054995458737361	0.6187336989984222	-87.74925436560503	53.515921032271734	0.6187336989984222	False
Non-malnourished-Kwashiorkor	11.712500000000007	21.788462112860785	0.5375551491119984	0.5968153908936429	-33.737435539564146	57.16243553956416	0.6187336989984222	False
Non-malnourished-Marasmus	28.82916666666666	39.35655275911516	0.7325124952664888	0.4723539443655883	-53.26716379923696	110.92549713257029	0.6187336989984222	False
M-F	-73.86666666666663	34.30388228787782	-2.153303408832223	0.043677108294662294	-145.42331121848972	-2.310022114843548	0.043677108294662294	True
6-23m-24-59 m	33.38333333333359	32.027729192729204	1.0423259523785449	0.3096970441224407	-33.425339061628485	100.19200572829567	0.3096970441224407	False
