Group 1,Group 2,H,p-value,q-value
24-59 m (n=19),6-23m (n=23),4.892083574677216,0.02698010685560601,0.02698010685560601
