Group 1,Group 2,H,p-value,q-value
F (n=13),M (n=29),3.839572224714495,0.05005629073070219,0.05005629073070219
