Group 1,Group 2,H,p-value,q-value
F (n=13),M (n=29),2.1986922460058054,0.13812787815863317,0.13812787815863317
