Group 1,Group 2,H,p-value,q-value
24-59 m (n=19),6-23m (n=23),3.7372678409876983,0.053211386385434684,0.053211386385434684
